username,email,country,password
Alice,alice@gmail.com,PT,pass
Doot,doot@gmail.com,NT,pass
Ana,ana@gmail.com,US,pass
Mary,mary@gmail.com,FR,pass
Ananas,ananas@gmail.com,AN,pass
Lola,lola@gmail.com,LO,pass
Sarah,sarah@gmail.com,SA,pass